bCarCri1	tRNA	trnF	mitfi	1	67	1	2.10E-11	63.4	GAA
bCarCri1	rRNA	rrnS	mitfi	67	1034	1	0	656.8	-
bCarCri1	tRNA	trnV	mitfi	1034	1105	1	3.30E-10	59.1	TAC
bCarCri1	rRNA	rrnL	mitfi	1105	2693	1	0	1155.6	-
bCarCri1	tRNA	trnL2	mitfi	2693	2766	1	2.90E-12	67.2	TAA
bCarCri1	gene	nad1	mitos	2766	3746	1	692675384	.	-
bCarCri1	tRNA	trnI	mitfi	3746	3823	1	1.10E-09	64.3	GAT
bCarCri1	tRNA	trnQ	mitfi	3823	3901	-1	6.40E-15	73	TTG
bCarCri1	tRNA	trnM	mitfi	3901	3969	1	5.60E-14	74.8	CAT
bCarCri1	gene	nad2	mitos	3969	5010	1	455209787.4	.	-
bCarCri1	tRNA	trnW	mitfi	5010	5081	1	9.60E-13	73.6	TCA
bCarCri1	tRNA	trnA	mitfi	5081	5151	-1	4.30E-12	74	TGC
bCarCri1	tRNA	trnN	mitfi	5151	5227	-1	5.00E-14	72.8	GTT
bCarCri1	tRNA	trnC	mitfi	5227	5297	-1	2.00E-11	61.1	GCA
bCarCri1	tRNA	trnY	mitfi	5297	5367	-1	3.60E-13	65.5	GTA
bCarCri1	gene	cox1	mitos	5367	6919	1	1901959254	.	-
bCarCri1	tRNA	trnS2	mitfi	6919	6985	-1	9.10E-14	73.1	TGA
bCarCri1	tRNA	trnD	mitfi	6985	7057	1	2.50E-11	72.3	GTC
bCarCri1	gene	cox2	mitos	7057	7740	1	402113272.1	.	-
bCarCri1	tRNA	trnK	mitfi	7740	7808	1	1.40E-12	63.7	TTT
bCarCri1	gene	atp8	mitos	7808	8003	1	3798970.9	.	-
bCarCri1	gene	atp6	mitos	8003	8651	1	253174161.8	.	-
bCarCri1	gene	cox3	mitos	8651	9434	1	552865574.9	.	-
bCarCri1	tRNA	trnG	mitfi	9434	9503	1	5.60E-11	68.2	TCC
bCarCri1	gene	nad3	mitos	9503	9852	1	15685267.6	.	-
bCarCri1	tRNA	trnR	mitfi	9852	9925	1	6.40E-12	70.6	TCG
bCarCri1	gene	nad4l	mitos	9925	10223	1	40215341.6	.	-
bCarCri1	gene	nad4	mitos	10223	11579	1	1049850914	.	-
bCarCri1	tRNA	trnH	mitfi	11579	11661	1	6.30E-08	54.6	GTG
bCarCri1	tRNA	trnS1	mitfi	11661	11727	1	4.80E-10	52.2	GCT
bCarCri1	tRNA	trnL1	mitfi	11727	11797	1	6.00E-19	82.9	TAG
bCarCri1	gene	nad5	mitos	11797	13606	1	1589512070	.	-
bCarCri1	gene	cob_1	mitos	13606	14767	1	1222914164	.	-
bCarCri1	tRNA	trnT_1	mitfi	14767	14839	1	3.10E-13	70.4	TGT
bCarCri1	tRNA	trnP_1	mitfi	14839	14926	-1	6.40E-11	64.9	TGG
bCarCri1	gene	nad6_1	mitos	14926	15454	-1	64918633.6	.	-
bCarCri1	tRNA	trnE_1	mitfi	15454	15530	-1	1.20E-10	64.1	TTC
bCarCri1	rep_origin	OH_1	mitos	15530	17464	1	17607.5	.	-
bCarCri1	gene	cob_2	mitos	17464	18081	1	10390512.6	.	-
bCarCri1	tRNA	trnT_2	mitfi	18081	18159	1	3.10E-13	70.4	TGT
bCarCri1	tRNA	trnP_2	mitfi	18159	18246	-1	6.40E-11	64.9	TGG
bCarCri1	gene	nad6_2	mitos	18246	18773	-1	10300051.9	.	-
bCarCri1	tRNA	trnE_2	mitfi	18773	18849	-1	1.20E-10	64.1	TTC
bCarCri1	rep_origin	OH_2	mitos	18849	21619	1	6342	.	-